{"cameraMode":{"drawMode":0,"name":"Shaded","section":"Shading Mode"},"sceneLighting":false,"audioPlay":false,"sceneViewState":{"showFog":true,"showMaterialUpdate":false,"showSkybox":false,"showFlares":true,"showImageEffects":true,"showParticleSystems":true},"in2DMode":false,"pivot":{"x":6.33708381652832,"y":0.5125216245651245,"z":-6.564561367034912},"rotation":{"x":0.25436386466026308,"y":0.6489360332489014,"z":-0.24492716789245606,"w":0.6739392280578613},"size":3.6382830142974855,"orthographic":true}