{"cameraMode":{"drawMode":0,"name":"Shaded","section":"Shading Mode"},"sceneLighting":false,"audioPlay":false,"sceneViewState":{"showFog":true,"showMaterialUpdate":false,"showSkybox":false,"showFlares":true,"showImageEffects":true,"showParticleSystems":true},"in2DMode":false,"pivot":{"x":0.0,"y":0.32998231053352358,"z":-0.06932064890861511},"rotation":{"x":0.0082508260384202,"y":0.9915997385978699,"z":-0.10088986158370972,"w":0.08079291880130768},"size":0.8945574164390564,"orthographic":false}