{"cameraMode":{"drawMode":0,"name":"Shaded","section":"Shading Mode"},"sceneLighting":false,"audioPlay":false,"sceneViewState":{"showFog":true,"showMaterialUpdate":false,"showSkybox":false,"showFlares":true,"showImageEffects":true,"showParticleSystems":true},"in2DMode":false,"pivot":{"x":-0.010420083999633789,"y":0.5297605991363525,"z":-0.0008355677127838135},"rotation":{"x":0.048890989273786548,"y":0.924548864364624,"z":-0.12699094414710999,"w":0.35594165325164797},"size":0.14335182309150697,"orthographic":true}