{"cameraMode":{"drawMode":0,"name":"Shaded","section":"Shading Mode"},"sceneLighting":false,"audioPlay":false,"sceneViewState":{"showFog":true,"showMaterialUpdate":false,"showSkybox":false,"showFlares":true,"showImageEffects":true,"showParticleSystems":true},"in2DMode":false,"pivot":{"x":0.06482324004173279,"y":0.5827654004096985,"z":-0.012135989964008332},"rotation":{"x":-0.020751828327775,"y":0.9751997590065002,"z":-0.19413244724273683,"w":-0.10425394773483277},"size":0.09223279356956482,"orthographic":true}