{"cameraMode":{"drawMode":0,"name":"Shaded","section":"Shading Mode"},"sceneLighting":false,"audioPlay":false,"sceneViewState":{"showFog":true,"showMaterialUpdate":false,"showSkybox":false,"showFlares":true,"showImageEffects":true,"showParticleSystems":true},"in2DMode":false,"pivot":{"x":0.0,"y":0.32998231053352358,"z":-0.06932064890861511},"rotation":{"x":-0.00040538975736126304,"y":0.9831028580665588,"z":-0.0023638629354536535,"w":-0.18316325545310975},"size":0.2945576310157776,"orthographic":false}