{"cameraMode":{"drawMode":0,"name":"Shaded","section":"Shading Mode"},"sceneLighting":false,"audioPlay":false,"sceneViewState":{"showFog":true,"showMaterialUpdate":false,"showSkybox":false,"showFlares":true,"showImageEffects":true,"showParticleSystems":true},"in2DMode":false,"pivot":{"x":-0.2562810480594635,"y":0.6392847895622253,"z":0.24735474586486817},"rotation":{"x":0.007776222657412291,"y":0.7615565657615662,"z":0.009139117784798146,"w":-0.6479873061180115},"size":1.6333229541778565,"orthographic":true}