{"cameraMode":{"drawMode":0,"name":"Shaded","section":"Shading Mode"},"sceneLighting":false,"audioPlay":false,"sceneViewState":{"showFog":true,"showMaterialUpdate":false,"showSkybox":false,"showFlares":true,"showImageEffects":true,"showParticleSystems":true},"in2DMode":false,"pivot":{"x":6.329999923706055,"y":0.8800620436668396,"z":-6.502590179443359},"rotation":{"x":0.005032357294112444,"y":0.9898803234100342,"z":0.036246299743652347,"w":-0.1371762752532959},"size":0.7691227793693543,"orthographic":true}