{"cameraMode":{"drawMode":0,"name":"Shaded","section":"Shading Mode"},"sceneLighting":true,"audioPlay":false,"sceneViewState":{"showFog":true,"showMaterialUpdate":false,"showSkybox":true,"showFlares":true,"showImageEffects":true,"showParticleSystems":true},"in2DMode":false,"pivot":{"x":-5.71999979019165,"y":0.4278499484062195,"z":5.989999771118164},"rotation":{"x":0.31701338291168215,"y":0.5987489223480225,"z":-0.27888524532318118,"w":0.6806089878082275},"size":10.0,"orthographic":false}