{"cameraMode":{"drawMode":0,"name":"Shaded","section":"Shading Mode"},"sceneLighting":false,"audioPlay":false,"sceneViewState":{"showFog":true,"showMaterialUpdate":false,"showSkybox":false,"showFlares":true,"showImageEffects":true,"showParticleSystems":true},"in2DMode":false,"pivot":{"x":-0.07498189806938172,"y":0.0627041757106781,"z":0.1988414227962494},"rotation":{"x":-0.020751828327775,"y":0.9751997590065002,"z":-0.19413244724273683,"w":-0.10425394773483277},"size":0.27953729033470156,"orthographic":true}