{"cameraMode":{"drawMode":0,"name":"Shaded","section":"Shading Mode"},"sceneLighting":false,"audioPlay":false,"sceneViewState":{"showFog":true,"showMaterialUpdate":false,"showSkybox":false,"showFlares":true,"showImageEffects":true,"showParticleSystems":true},"in2DMode":false,"pivot":{"x":0.0,"y":0.39216095209121706,"z":-0.390531063079834},"rotation":{"x":0.013079552911221981,"y":0.9540525674819946,"z":0.0421026311814785,"w":-0.29638195037841799},"size":6.276875019073486,"orthographic":false}