{"cameraMode":{"drawMode":0,"name":"Shaded","section":"Shading Mode"},"sceneLighting":false,"audioPlay":false,"sceneViewState":{"showFog":true,"showMaterialUpdate":false,"showSkybox":false,"showFlares":true,"showImageEffects":true,"showParticleSystems":true},"in2DMode":false,"pivot":{"x":6.329999923706055,"y":0.8800620436668396,"z":-6.502590179443359},"rotation":{"x":0.05611436441540718,"y":0.8954249024391174,"z":0.11807160079479218,"w":-0.42560651898384097},"size":0.7691227793693543,"orthographic":true}